{"cameraMode":{"drawMode":0,"name":"Shaded","section":"Shading Mode"},"sceneLighting":true,"audioPlay":false,"sceneViewState":{"showFog":true,"showMaterialUpdate":false,"showSkybox":true,"showFlares":true,"showImageEffects":true,"showParticleSystems":true},"in2DMode":false,"pivot":{"x":-2.8774800300598146,"y":1.4599802494049073,"z":3.3571388721466066},"rotation":{"x":-0.00013155276246834546,"y":0.9940101504325867,"z":-0.10928129404783249,"w":-0.0011967772152274848},"size":12.788694381713868,"orthographic":false}